duo_nummer,voornaam,tussenvoegsels,achternaam,functie
001,Jan,de,Jong,teamleider
002,Els,van,Dijk,secretaris
003,Pieter,,Brink,lid
004,Anne,van der,Veen,documentatiebeheerder
005,Mark,de,Groot,teamleider
006,Sara,,Dam,lid
007,Tom,van den,Berg,secretaris
008,Lisa,de,Lange,documentatiebeheerder
009,Bas,van der,Heijden,teamleider
010,Emma,,Houten,secretaris
011,Koen,de,Wit,lid
012,Anna,van de,Brug,documentatiebeheerder
013,Tim,van,Leiden,teamleider
014,Lotte,,Boogaard,secretaris
015,Thijs,de,Groot,lid
016,Sophie,ten,Kate,documentatiebeheerder
017,Rick,van,de Ven,teamleider
018,Eva,de,Leeuw,secretaris
019,Sam,,Burg,lid
020,Joris,ten,Bos,documentatiebeheerder
021,Fleur,de,Koning,teamleider
022,Max,van,Dijk,secretaris
023,Julia,van,de Heuvel,lid
024,Mike,de,Vries,documentatiebeheerder
025,Mila,van den,Berg,teamleider
026,Lars,de,Groot,secretaris
027,Lynn,,Dam,lid
028,Ruben,van de,Meent,documentatiebeheerder
029,Nina,de,Jager,teamleider
030,Daan,,Houben,secretaris

